username,password
user1,hashed_password1
user2,hashed_password2
user3,hashed_password3
user4,hashed_password4
user5,hashed_password5
user6,hashed_password6
user7,hashed_password7
user8,hashed_password8
user9,hashed_password9
user10,hashed_password10
user11,hashed_password11
user12,hashed_password12
user13,hashed_password13
user14,hashed_password14
user15,hashed_password15
user16,hashed_password16
user17,hashed_password17
user18,hashed_password18
user19,hashed_password19
user20,hashed_password20
user21,hashed_password21
user22,hashed_password22
user23,hashed_password23
user24,hashed_password24
user25,hashed_password25
user26,hashed_password26
user27,hashed_password27
user28,hashed_password28
user29,hashed_password29
user30,hashed_password30
